"placebo_cutoff","coefficient","pvalue"
-5,0.506235911426441,0.0857062156091986
-2.5,0.346090974484711,0.0997784738264559
2.5,0.486818946902505,0.0265495446640259
5,0.352694585659526,0.346518581071257
