"bandwidth","coefficient","se","pvalue"
3,0.356249193665948,0.276155904810413,0.197040503942221
5,0.475477189751689,0.224524589219852,0.03419992911067
7,0.467535394309053,0.176869201485033,0.00820789017040701
10,0.449287596906002,0.145092301860879,0.00195777602806831
