"placebo_cutoff","coefficient","pvalue"
-5,0.074899492388573,2.68890456803261e-23
-2.5,0.031676886708324,5.36085678696052e-11
2.5,0.0243700284210863,1.07127209690268e-06
5,0.0251508528687528,0.0185553400244214
