"bandwidth","coefficient","se","pvalue"
3,0.0122506336186477,0.00223814291863126,4.41056670312716e-08
5,0.00407215072477504,0.00192512123118017,0.0344069622697198
7,0.00273645615504661,0.00173050473499529,0.113808268713734
10,0.00951325980624942,0.00160159371561695,2.85246725426539e-09
