"bandwidth","coefficient","se","pvalue"
3,-0.00548620145274126,0.00213880460150402,0.0103152499002742
5,-0.0892429395432163,0.00479989603139165,3.6829442639191e-77
7,-0.100337055509045,0.00218798697352607,0
10,-0.0359614852052822,0.00417131063622884,6.62863284822165e-18
