"placebo_cutoff","coefficient","pvalue"
-5,0.564861918954925,1.35725520284963e-16
-2.5,0.167003961161785,4.22184735088647e-08
2.5,0.109296473537843,0.0240331649366466
5,0.0998436793760326,0.321612638239824
